Emp Id,First Name,Gender,Salary,Senior Management,Team
1,Douglas,Male,97308,TRUE,Marketing
2,Thomas,Male,61933,TRUE,
3,Maria,Female,130590,FALSE,Finance
4,Jerry,Male,138705,TRUE,Finance
5,Larry,Male,101004,TRUE,Client Services
6,Dennis,Male,115163,FALSE,Legal
7,Ruby,Female,65476,TRUE,Product
8,,Female,45906,,Finance
9,Angela,Female,95570,TRUE,Engineering
10,Frances,Female,139852,TRUE,Business Development
11,Louise,Female,63241,TRUE,
12,Julie,Female,102508,TRUE,Legal
13,Brandon,Male,112807,TRUE,Human Resources
14,Gary,Male,109831,FALSE,Sales
15,Kimberly,Female,41426,TRUE,Finance
16,Lillian,Female,59414,FALSE,Product
17,Jeremy,Male,90370,FALSE,Human Resources
18,Shawn,Male,111737,FALSE,Product
19,Diana,Female,132940,FALSE,Client Services
20,Donna,Female,81014,FALSE,Product
21,Lois,,64714,TRUE,Legal
22,Matthew,Male,100612,FALSE,Marketing
23,Joshua,,90816,TRUE,Client Services
24,,Male,125792,,
25,John,Male,97950,FALSE,Client Services
26,,Male,37076,,Client Services
27,Craig,Male,37598,TRUE,Marketing
28,Scott,,122367,FALSE,Legal
29,Terry,Male,124008,TRUE,Client Services
30,Benjamin,Male,79529,TRUE,Legal
31,Christina,Female,118780,TRUE,Engineering
32,Joyce,,88657,FALSE,Product
33,,Male,122340,,
34,Jean,Female,119082,FALSE,Business Development
35,Jerry,Male,95734,FALSE,Client Services
36,Theresa,Female,85182,FALSE,Sales
37,Rachel,Female,142032,FALSE,Business Development
38,Linda,Female,57427,TRUE,Client Services
39,Stephanie,Female,36844,TRUE,Business Development
40,,Male,122173,,Client Services
41,Michael,Male,99283,TRUE,Distribution
42,Christine,,66582,TRUE,Business Development
43,Beverly,Female,121918,FALSE,Legal
44,Marilyn,Female,73524,TRUE,Marketing
45,Cynthia,Female,145146,TRUE,Product
46,Roger,Male,88010,TRUE,Sales
47,Bruce,Male,114796,FALSE,Finance
48,Kathy,Female,66820,TRUE,Client Services
49,Clarence,Male,93581,TRUE,Business Development
50,Chris,,113590,FALSE,Sales
51,Nancy,Female,94976,TRUE,Engineering
52,,,41126,,Sales
53,Todd,Male,49339,TRUE,Human Resources
54,Alan,,40341,TRUE,Finance
55,Sara,Female,83677,FALSE,Engineering
56,Karen,Female,102488,TRUE,Product
57,Carl,Male,130276,TRUE,Finance
58,Henry,Male,64715,TRUE,Human Resources
59,Theresa,Female,72670,TRUE,Engineering
60,Irene,Female,66851,FALSE,Engineering
61,Paula,,48866,FALSE,Distribution
62,Denise,Female,106862,FALSE,Business Development
63,,Female,58112,,Marketing
64,Matthew,Male,35203,FALSE,Human Resources
65,Kathleen,,77834,FALSE,Business Development
66,Steve,Male,61310,TRUE,Distribution
67,Nancy,Female,125250,TRUE,Business Development
68,Rachel,Female,51178,TRUE,Finance
69,Jose,Male,84834,TRUE,Finance
70,Irene,,100863,TRUE,Finance
71,Todd,,84692,FALSE,Client Services
72,Johnny,Male,118172,TRUE,Sales
73,Bobby,Male,54043,FALSE,Product
74,Frances,Female,90582,TRUE,Sales
75,Thomas,Male,62096,FALSE,Marketing
76,Bonnie,Female,104897,TRUE,Human Resources
77,Margaret,Female,131604,TRUE,Distribution
78,Charles,Male,107391,TRUE,Marketing
79,Robin,Female,114797,TRUE,Sales
80,Bonnie,Female,115814,FALSE,Product
81,Gerald,,137126,TRUE,Sales
82,Christopher,Male,47369,FALSE,Legal
83,Steven,Male,35095,TRUE,Client Services
84,Shawn,Male,148115,TRUE,Finance
85,Doris,Female,83072,FALSE,Finance
86,Jeremy,Male,100238,TRUE,Client Services
87,Annie,,103495,TRUE,Business Development
88,Annie,Female,144887,TRUE,Sales
89,Donna,Female,64088,TRUE,Legal
90,Janice,Female,51082,FALSE,Legal
91,Janice,,91719,TRUE,Legal
92,James,,128771,FALSE,
93,Linda,Female,119009,TRUE,Business Development
94,Virginia,,111858,TRUE,Legal
95,Harry,Male,130620,FALSE,Legal
96,Heather,Female,43026,FALSE,Client Services
97,Cynthia,Female,142321,FALSE,Finance
98,Laura,,140371,TRUE,Marketing
99,Tina,Female,100705,TRUE,Marketing
100,Harold,Male,77544,FALSE,Business Development
101,Melissa,Female,48109,FALSE,Finance
102,Aaron,Male,61602,TRUE,Marketing
103,Jack,Male,103902,FALSE,Client Services
104,Phyllis,Female,136984,TRUE,Finance
105,John,Male,80740,FALSE,Marketing
106,Kathy,Female,91712,FALSE,Finance
107,Paul,Male,42146,FALSE,Legal
108,Steven,Male,68680,FALSE,Legal
109,Russell,,133980,TRUE,Legal
110,Christopher,Male,37919,FALSE,
111,Shirley,Female,147113,FALSE,Legal
112,Bonnie,Female,42153,TRUE,Business Development
113,Willie,Male,64363,FALSE,Marketing
114,Tina,Female,114767,TRUE,Engineering
115,Ashley,Female,58698,TRUE,Business Development
116,Pamela,Female,54585,FALSE,Product
117,,Male,76189,,Legal
118,Steven,Male,109095,FALSE,Finance
119,Andrea,Female,120204,FALSE,Business Development
120,Paul,Male,41054,FALSE,Marketing
121,Peter,Male,84885,FALSE,Business Development
122,Kathleen,,119735,FALSE,Product
123,Christina,Female,110169,TRUE,Engineering
124,Helen,Female,73789,TRUE,Product
125,Marilyn,Female,76078,TRUE,Product
126,Patricia,Female,49368,FALSE,Human Resources
127,Michelle,Female,57325,TRUE,Human Resources
128,William,Male,66521,FALSE,Human Resources
129,Kenneth,Male,127654,TRUE,Client Services
130,Antonio,Male,60866,TRUE,Business Development
131,Shirley,Female,41334,TRUE,Human Resources
132,Rebecca,Female,94231,FALSE,Product
133,Carlos,Male,146670,FALSE,Human Resources
134,Lois,Female,106317,TRUE,Client Services
135,Carolyn,Female,109260,TRUE,Business Development
136,Gloria,Female,134148,TRUE,Legal
137,Henry,Male,43542,FALSE,Legal
138,Adam,Male,95327,FALSE,Distribution
139,Ashley,Female,112238,TRUE,Engineering
140,,Female,132373,,
141,Shirley,Female,113850,FALSE,Marketing
142,Adam,Male,110194,TRUE,Product
143,Elizabeth,Female,146129,FALSE,Finance
144,Teresa,,140013,TRUE,Engineering
145,Nicole,,122717,FALSE,Sales
146,Jennifer,Female,71715,TRUE,Client Services
147,Patricia,Female,95322,FALSE,Product
148,Philip,Male,89227,FALSE,Legal
149,Patrick,,124488,TRUE,Sales
150,,Female,86230,,Distribution
151,Sean,Male,135490,FALSE,Marketing
152,Brandon,,121333,FALSE,Business Development
153,Ruth,Female,129297,TRUE,Client Services
154,Victor,,84546,TRUE,Finance
155,Rebecca,Female,85730,TRUE,Product
156,Marie,Female,104058,TRUE,Business Development
157,Howard,Male,105062,FALSE,Human Resources
158,,Female,79536,,Product
159,Norma,Female,114412,TRUE,Marketing
160,James,,68501,FALSE,Marketing
161,Kathy,Female,149563,TRUE,Finance
162,Marilyn,,103386,FALSE,Distribution
163,Arthur,Male,89786,TRUE,Legal
164,Terry,Male,52226,FALSE,Client Services
165,Mary,Female,134645,FALSE,Business Development
166,,Female,59148,,Legal
167,,Female,42341,,Sales
168,Christopher,Male,142178,TRUE,Sales
169,Peter,,38989,TRUE,Marketing
170,Michelle,Female,53754,TRUE,Product
171,Irene,Female,133772,TRUE,Sales
172,Patrick,Male,143499,TRUE,Engineering
173,Sara,Female,97058,FALSE,Finance
174,Lillian,Female,85446,TRUE,Engineering
175,,,40297,,Client Services
176,Willie,Male,146651,TRUE,Engineering
177,Victor,Male,124486,FALSE,Product
178,Wayne,Male,102652,TRUE,Distribution
179,Jane,Female,144474,FALSE,Product
180,Jessica,Female,68759,TRUE,Finance
181,Mark,Male,57286,TRUE,Business Development
182,Randy,Male,58129,TRUE,Distribution
183,Lillian,Female,123940,TRUE,Business Development
184,Ruth,,98233,TRUE,Distribution
185,Jerry,Male,140810,TRUE,Client Services
186,Sandra,Female,42090,TRUE,Legal
187,,Female,149654,,Sales
188,Roger,Male,51430,FALSE,Marketing
189,Charles,Male,71749,FALSE,Legal
190,Clarence,Male,85700,FALSE,Sales
191,Carol,Female,57783,FALSE,Finance
192,Lois,Female,36946,FALSE,Engineering
193,Barbara,,99326,TRUE,Legal
194,Rebecca,Female,109259,TRUE,Legal
195,Irene,Female,131038,FALSE,Distribution
196,Ronald,Male,121068,TRUE,Product
197,Steven,Male,62719,FALSE,Client Services
198,Carolyn,Female,69268,FALSE,Client Services
199,Maria,Female,36067,TRUE,Product
200,Jonathan,Male,130581,TRUE,
201,Gary,Male,89661,FALSE,Finance
202,Kimberly,Female,36643,FALSE,Marketing
203,Roger,Male,140558,TRUE,Sales
204,Diana,Female,103521,TRUE,Business Development
205,Willie,Male,55281,TRUE,Marketing
206,Brandon,Male,115711,TRUE,Finance
207,Patricia,Female,114079,TRUE,Client Services
208,Katherine,Female,57531,FALSE,Client Services
209,Jonathan,Male,141069,FALSE,Human Resources
210,Emily,Female,89434,FALSE,Engineering
211,Ruth,Female,44639,TRUE,Legal
212,Linda,Female,110967,TRUE,Human Resources
213,Lisa,Female,115387,FALSE,Client Services
214,Evelyn,Female,81673,TRUE,Engineering
215,Julie,Female,109588,FALSE,Engineering
216,Mary,Female,92544,FALSE,Client Services
217,Matthew,Male,142373,FALSE,Marketing
218,Douglas,Male,83341,TRUE,Client Services
219,Gregory,,98865,TRUE,Finance
220,Billy,Male,120444,TRUE,Finance
221,,Female,71945,,Marketing
222,Gregory,Male,109564,FALSE,Legal
223,Jason,Male,78417,FALSE,Finance
224,Daniel,Male,106947,TRUE,Legal
225,Sarah,Female,87298,FALSE,Distribution
226,Harry,Male,64579,TRUE,Sales
227,Kathy,Female,50905,TRUE,Finance
228,Todd,Male,59728,TRUE,Client Services
229,Bobby,Male,51685,TRUE,Engineering
230,Jeremy,Male,49542,TRUE,Distribution
231,George,,38375,FALSE,Legal
232,Diane,Female,64084,FALSE,Product
233,Marilyn,Female,147663,FALSE,Human Resources
234,Kathryn,Female,73935,FALSE,Sales
235,Irene,Female,40837,TRUE,Client Services
236,Norma,Female,94393,TRUE,Engineering
237,Laura,Female,42087,FALSE,Product
238,Cheryl,Female,52080,FALSE,Legal
239,Kevin,Male,35061,FALSE,Legal
240,Lillian,,64164,FALSE,Human Resources
241,Phyllis,,94088,FALSE,Distribution
242,Walter,Male,127813,FALSE,Finance
243,Robert,Male,38041,TRUE,Engineering
244,Jimmy,Male,126310,TRUE,Product
245,Clarence,Male,142561,FALSE,Client Services
246,Victor,Male,70817,FALSE,Engineering
247,Fred,,59937,TRUE,Human Resources
248,Brenda,,106115,TRUE,Product
249,Justin,Male,82782,TRUE,Distribution
250,Betty,Female,104896,TRUE,Business Development
251,Randy,,133943,TRUE,Sales
252,Sharon,,83658,FALSE,Business Development
253,Ralph,Male,71896,TRUE,Marketing
254,,,113732,,Sales
255,Edward,Male,110485,FALSE,Client Services
256,Denise,Female,115118,FALSE,Human Resources
257,Debra,Female,48696,FALSE,Legal
258,,Male,42676,,Sales
259,Michael,Male,43586,FALSE,
260,Henry,Male,89258,TRUE,Human Resources
261,Gloria,Female,90730,FALSE,Distribution
262,Marie,Female,100308,FALSE,Product
263,Anne,Female,69134,TRUE,Engineering
264,Sarah,,58295,TRUE,Engineering
265,Stephanie,Female,50141,TRUE,Human Resources
266,Roy,Male,101941,FALSE,Client Services
267,,Female,115145,,Distribution
268,,Male,40451,,Distribution
269,Irene,Female,56526,TRUE,Finance
270,,Female,145316,,Human Resources
271,Thomas,Male,103235,TRUE,Human Resources
272,Frank,,58563,TRUE,Marketing
273,Fred,Male,74129,FALSE,Product
274,Nicholas,Male,74669,TRUE,Product
275,Howard,Male,97490,TRUE,Marketing
276,Debra,Female,104250,TRUE,Business Development
277,Christine,Female,94345,FALSE,Finance
278,Brenda,,82439,FALSE,Sales
279,Betty,Female,51613,FALSE,Distribution
280,Ruby,Female,105946,FALSE,Business Development
281,Kevin,Male,46080,FALSE,Business Development
282,Arthur,Male,134610,TRUE,Human Resources
283,Carl,,125104,FALSE,Client Services
284,Todd,Male,107281,TRUE,Engineering
285,Brenda,Female,141521,FALSE,Client Services
286,Judy,Female,65931,FALSE,Human Resources
287,Todd,Male,69989,TRUE,Finance
288,Lois,Female,147183,TRUE,Client Services
289,Walter,,66757,FALSE,Distribution
290,Jessica,Female,75145,TRUE,Legal
291,Jeremy,Male,129460,TRUE,
292,Tammy,Female,132839,TRUE,Client Services
293,Anne,Female,44537,TRUE,Client Services
294,Jesse,Male,118733,FALSE,Marketing
295,Virginia,Female,46905,FALSE,Distribution
296,Jesse,Male,79582,FALSE,Legal
297,Jeremy,,55394,TRUE,Sales
298,Daniel,Male,123811,TRUE,Human Resources
299,Patrick,,137314,TRUE,Marketing
300,Emily,Female,36711,TRUE,Human Resources
301,Alan,Male,111786,TRUE,Engineering
302,James,Male,72257,FALSE,Engineering
303,Adam,Male,71276,TRUE,Human Resources
304,Joan,,38712,FALSE,Client Services
305,Jeremy,Male,46930,TRUE,Finance
306,Margaret,Female,125220,FALSE,Marketing
307,Mark,Male,121477,TRUE,Business Development
308,Marilyn,Female,86386,FALSE,Distribution
309,Cheryl,Female,81308,TRUE,Legal
310,Benjamin,Male,84810,FALSE,Marketing
311,Harold,Male,66775,TRUE,Legal
312,Ernest,,72145,TRUE,Finance
313,Gerald,Male,121604,TRUE,Sales
314,Judy,Female,109510,TRUE,Legal
315,Bobby,Male,112117,FALSE,
316,Bobby,,108127,FALSE,Client Services
317,Marie,Female,123711,FALSE,Product
318,Kathy,Female,132381,FALSE,Business Development
319,Roy,Male,148225,FALSE,Finance
320,Jacqueline,Female,145988,FALSE,Marketing
321,,Female,62960,,Sales
322,Julie,Female,56926,FALSE,Sales
323,Douglas,Male,41428,FALSE,Product
324,Linda,Female,115658,TRUE,Sales
325,Ruby,Female,76707,FALSE,Business Development
326,Russell,Male,60388,FALSE,Client Services
327,Jeffrey,Male,45150,TRUE,Product
328,Aaron,Male,58755,TRUE,Marketing
329,Samuel,Male,76076,TRUE,Finance
330,,Male,87760,,Engineering
331,Randy,Male,135119,FALSE,Client Services
332,Evelyn,Female,36759,TRUE,Marketing
333,Fred,Male,121723,TRUE,Product
334,Shirley,Female,110061,FALSE,Client Services
335,Todd,Male,85074,FALSE,Client Services
336,Robert,Male,85799,FALSE,Finance
337,Mark,Male,75150,TRUE,Legal
338,Earl,Male,91344,TRUE,Sales
339,Richard,Male,86326,FALSE,Product
340,Michael,Male,98753,TRUE,Human Resources
341,Steven,Male,113060,TRUE,Sales
342,Carlos,Male,77327,TRUE,Finance
343,Marie,Female,62666,FALSE,Product
344,Ronald,Male,96633,TRUE,Engineering
345,Scott,Male,58248,FALSE,Business Development
346,Steven,Male,83706,TRUE,Human Resources
347,James,Male,74086,TRUE,Human Resources
348,Lori,Female,95389,FALSE,Sales
349,Philip,Male,129968,FALSE,Finance
350,Phyllis,Female,140347,FALSE,Sales
351,Thomas,,41549,FALSE,Sales
352,Cynthia,Female,74287,FALSE,Sales
353,,Male,69906,,Engineering
354,,Male,65078,,Marketing
355,Elizabeth,Female,106406,TRUE,Legal
356,Andrea,Female,115913,FALSE,Legal
357,Judy,Female,38092,FALSE,Distribution
358,Russell,Male,121160,FALSE,Engineering
359,Scott,Male,90429,FALSE,Product
360,Sarah,Female,64207,TRUE,Client Services
361,Susan,Female,80688,TRUE,Sales
362,Margaret,Female,55044,FALSE,Sales
363,Joshua,Male,72893,FALSE,Distribution
364,Justin,,96978,FALSE,Finance
365,Juan,Male,97364,FALSE,Product
366,Gloria,,140885,FALSE,Human Resources
367,Jennifer,,58520,TRUE,Client Services
368,Edward,Male,66067,TRUE,
369,Marilyn,Female,147183,FALSE,Business Development
370,Mary,Female,87721,FALSE,Product
371,Linda,Female,144001,FALSE,Business Development
372,Larry,Male,91133,FALSE,Sales
373,Albert,Male,67827,TRUE,Engineering
374,Kenneth,Male,81839,FALSE,Sales
375,,Female,81444,,Distribution
376,Gregory,,137661,TRUE,Sales
377,Brandon,Male,112548,FALSE,Engineering
378,Stephen,Male,111249,TRUE,Human Resources
379,Russell,Male,114334,FALSE,Product
380,,Female,118906,,Marketing
381,Pamela,,72979,FALSE,Sales
382,Scott,Male,64172,TRUE,Engineering
383,,Female,107024,,
384,Carlos,Male,50167,FALSE,Product
385,Jack,Male,106995,FALSE,Product
386,Debra,Female,70492,FALSE,Client Services
387,Phyllis,Female,125881,FALSE,Sales
388,Robert,Male,123294,FALSE,Client Services
389,Gloria,Female,131045,TRUE,Product
390,Sharon,,97635,TRUE,Client Services
391,Barbara,,94493,TRUE,Sales
392,Marilyn,Female,140502,TRUE,Sales
393,Ralph,Male,106310,TRUE,Client Services
394,Harry,,46240,TRUE,Engineering
395,Robin,Female,111163,TRUE,Product
396,Kathy,Female,93753,TRUE,Sales
397,Rose,Female,63494,TRUE,Human Resources
398,Clarence,Male,116693,TRUE,Distribution
399,Doris,Female,85215,TRUE,Human Resources
400,Kathryn,Female,86439,FALSE,Finance
401,Billy,,62913,TRUE,Marketing
402,Norma,Female,38872,TRUE,Business Development
403,Richard,,124655,TRUE,Engineering
404,Craig,Male,113506,FALSE,Marketing
405,Sarah,,109980,FALSE,Sales
406,Sharon,Female,91522,FALSE,Finance
407,Mary,Female,42214,TRUE,Business Development
408,Steve,,83159,TRUE,Distribution
409,Joe,Male,144082,TRUE,Client Services
410,Jeremy,Male,47885,TRUE,Human Resources
411,Ernest,Male,126232,TRUE,Sales
412,Kevin,Male,134598,FALSE,Business Development
413,Jacqueline,Female,66604,FALSE,Legal
414,Johnny,Male,115194,TRUE,Marketing
415,Gary,Male,49101,TRUE,Business Development
416,Shirley,,67811,FALSE,Finance
417,,Male,111043,,Distribution
418,Sarah,,37748,FALSE,Human Resources
419,Julia,Female,36403,TRUE,Finance
420,Dorothy,Female,140136,TRUE,Business Development
421,Justin,Male,121508,TRUE,Finance
422,Kevin,Male,79906,TRUE,Sales
423,Victor,Male,123144,TRUE,Product
424,Deborah,Female,46953,FALSE,Client Services
425,Matthew,,79443,FALSE,Human Resources
426,Alice,Female,51395,TRUE,Finance
427,Todd,Male,134408,TRUE,Human Resources
428,Frank,Male,71853,TRUE,Sales
429,Christopher,Male,68028,TRUE,Finance
430,Rose,Female,149903,FALSE,Human Resources
431,Andrea,Female,79123,FALSE,Distribution
432,Charles,Male,104014,FALSE,Legal
433,Jessica,,121160,FALSE,Client Services
434,Wanda,Female,65362,TRUE,Legal
435,Joyce,Female,50701,TRUE,
436,Billy,Male,144709,TRUE,Distribution
437,Kathryn,Female,53061,TRUE,Finance
438,Denise,Female,36697,TRUE,Sales
439,Jason,Male,69244,TRUE,
440,Nicholas,Male,101036,TRUE,Human Resources
441,Aaron,Male,52119,TRUE,Client Services
442,Louise,Female,46666,TRUE,Business Development
443,Julie,Female,73437,TRUE,Finance
444,Kathy,Female,86318,TRUE,Sales
445,,Male,76409,,Distribution
446,Chris,Male,71642,FALSE,
447,Cheryl,Female,67150,TRUE,Marketing
448,Gregory,Male,142208,TRUE,Engineering
449,Wayne,Male,81183,FALSE,Client Services
450,Beverly,Female,107163,TRUE,Human Resources
451,Willie,Male,55038,FALSE,Legal
452,Terry,,140002,TRUE,Marketing
453,Scott,Male,146812,TRUE,Marketing
454,Annie,Female,40119,TRUE,Human Resources
455,,Male,136602,,Marketing
456,Ruth,Female,69579,TRUE,Human Resources
457,Deborah,,101457,FALSE,Engineering
458,Patricia,Female,121232,FALSE,Legal
459,Albert,Male,102626,FALSE,Finance
460,Charles,,137171,TRUE,Marketing
461,Tina,Female,88276,FALSE,Legal
462,Jeremy,Male,43354,FALSE,Marketing
463,Craig,Male,125556,FALSE,Engineering
464,Jose,Male,59862,FALSE,Product
465,Lawrence,Male,74640,FALSE,Marketing
466,Helen,Female,52875,FALSE,Legal
467,Walter,Male,58789,FALSE,Sales
468,Amy,Female,122897,TRUE,Engineering
469,Janice,Female,136032,TRUE,Marketing
470,Stephen,Male,141958,TRUE,Legal
471,Ryan,Male,139917,FALSE,Distribution
472,Sharon,Female,147635,FALSE,Human Resources
473,Joshua,Male,68230,FALSE,Client Services
474,Clarence,Male,124365,FALSE,Business Development
475,Jonathan,Male,104749,FALSE,Engineering
476,Stephanie,Female,122121,TRUE,Engineering
477,Kathy,Female,143541,FALSE,Human Resources
478,Albert,Male,137840,FALSE,Business Development
479,Michael,Male,73354,FALSE,Business Development
480,Richard,Male,47647,TRUE,
481,Amy,Female,106249,FALSE,Sales
482,,Female,93847,,Business Development
483,Beverly,,104815,FALSE,Product
484,,Female,115436,,Human Resources
485,Joe,Male,50645,FALSE,Marketing
486,Ashley,Female,142415,TRUE,Finance
487,Howard,Male,37984,FALSE,Distribution
488,Cheryl,Female,71751,FALSE,Business Development
489,Robert,Male,135882,FALSE,Legal
490,Sharon,Female,46007,TRUE,Client Services
491,Judith,Female,117055,FALSE,Marketing
492,Nicholas,,58478,TRUE,Distribution
493,Jerry,Male,121357,FALSE,Business Development
494,Craig,Male,44857,FALSE,Finance
495,Barbara,Female,47322,TRUE,Sales
496,Eugene,Male,81077,FALSE,Sales
497,Johnny,Male,76394,TRUE,Marketing
498,Benjamin,Male,114356,FALSE,Client Services
499,Diana,Female,41831,FALSE,Business Development
500,Barbara,,90187,TRUE,Distribution
501,Christine,Female,72613,FALSE,Legal
502,Sean,Male,42748,FALSE,Distribution
503,Sarah,Female,37259,FALSE,Client Services
504,Roger,Male,125033,TRUE,Marketing
505,,Female,38275,,Distribution
506,,Male,71520,,Engineering
507,Donald,Male,106472,TRUE,Client Services
508,Clarence,Male,103684,TRUE,Engineering
509,Scott,Male,96111,FALSE,Human Resources
510,Ann,Female,90719,FALSE,Business Development
511,Frank,Male,140303,FALSE,Legal
512,Joe,Male,62161,TRUE,Business Development
513,Wanda,Female,78883,FALSE,
514,Jimmy,Male,63549,FALSE,
515,Amy,,63888,TRUE,Product
516,Larry,Male,97370,FALSE,Sales
517,Gloria,Female,66224,TRUE,Legal
518,Ruth,Female,97915,TRUE,Human Resources
519,Diana,Female,86883,TRUE,Product
520,Raymond,Male,37812,FALSE,Human Resources
521,Peter,Male,56580,TRUE,
522,,,83895,,Engineering
523,Catherine,Female,58047,TRUE,Distribution
524,Diane,Female,124889,TRUE,Sales
525,Peter,,118840,TRUE,Client Services
526,Steve,Male,67780,TRUE,Human Resources
527,Barbara,Female,144677,FALSE,Finance
528,Helen,,45724,FALSE,Product
529,Jimmy,,86676,TRUE,Product
530,Christopher,Male,82401,FALSE,Client Services
531,Kathleen,Female,35575,FALSE,Distribution
532,Virginia,Female,123649,TRUE,Marketing
533,Lisa,Female,38078,TRUE,Product
534,Earl,Male,52620,FALSE,Product
535,Gerald,,133366,FALSE,Legal
536,Louise,Female,91462,FALSE,Marketing
537,Clarence,Male,146589,TRUE,Business Development
538,Cynthia,Female,51633,TRUE,Business Development
539,Adam,Male,45181,FALSE,Human Resources
540,Justin,Male,62454,TRUE,Sales
541,,Female,84746,,Finance
542,Ruby,Female,147362,TRUE,Engineering
543,Amanda,Female,80803,TRUE,Distribution
544,Anna,Female,117293,FALSE,Client Services
545,Roger,Male,105689,TRUE,Marketing
546,Julie,,93302,TRUE,Product
547,Joseph,Male,102555,TRUE,Product
548,Evelyn,Female,51525,FALSE,Finance
549,Janice,Female,41190,TRUE,Sales
550,Sara,Female,75484,FALSE,Finance
551,Gregory,Male,82726,TRUE,Marketing
552,Philip,Male,122319,FALSE,Engineering
553,Barbara,Female,127297,TRUE,Product
554,Amanda,Female,109290,FALSE,Engineering
555,Phyllis,,99150,FALSE,Client Services
556,Anne,Female,71930,TRUE,Product
557,Arthur,Male,66819,TRUE,Marketing
558,Jane,Female,42424,FALSE,Distribution
559,Linda,Female,51431,FALSE,Engineering
560,Ashley,Female,120675,FALSE,Human Resources
561,Shawn,Male,96610,TRUE,Client Services
562,Kathleen,Female,71430,FALSE,Engineering
563,Sara,,87713,TRUE,Legal
564,Randy,Male,86723,FALSE,Engineering
565,Andrew,Male,43414,TRUE,Client Services
566,Marilyn,Female,87145,FALSE,Human Resources
567,Johnny,Male,91124,TRUE,Distribution
568,,Female,48141,,
569,Susan,Female,90829,FALSE,Marketing
570,Ruby,Female,101262,FALSE,Client Services
571,Kelly,Female,41427,FALSE,Product
572,Jonathan,Male,56993,FALSE,Marketing
573,Raymond,Male,114244,FALSE,Human Resources
574,Kimberly,Female,81800,TRUE,
575,,Female,118736,,Client Services
576,John,Male,66077,TRUE,Product
577,Michael,Male,35013,FALSE,Product
578,Jerry,Male,98393,FALSE,Client Services
579,Amanda,Female,107111,TRUE,Product
580,Harold,Male,65673,TRUE,Legal
581,Harry,Male,65482,FALSE,
582,Ernest,Male,81919,FALSE,Marketing
583,Harry,Male,59277,FALSE,Finance
584,Diane,Female,49501,FALSE,Business Development
585,Jack,Male,70367,TRUE,Legal
586,Shirley,Female,132156,FALSE,Marketing
587,Rose,Female,56961,FALSE,Marketing
588,Cheryl,Female,98841,TRUE,Client Services
589,Cynthia,Female,78226,FALSE,Human Resources
590,Sandra,Female,116931,TRUE,Human Resources
591,Andrea,Female,87575,TRUE,Business Development
592,Rachel,Female,110924,FALSE,Distribution
593,Justin,Male,78351,FALSE,Sales
594,Marie,Female,125574,FALSE,Sales
595,Louis,Male,95198,FALSE,Business Development
596,Nancy,Female,121006,TRUE,Finance
597,Mark,Male,95728,TRUE,Business Development
598,Teresa,Female,69740,FALSE,Distribution
599,Frances,Female,91996,FALSE,Product
600,,Female,98385,,Human Resources
601,Barbara,,90556,TRUE,Distribution
602,Christine,,50366,TRUE,Marketing
603,Bobby,,84232,TRUE,Engineering
604,Carl,,100888,TRUE,Business Development
605,Bruce,Male,141335,TRUE,Engineering
606,Rose,Female,97691,FALSE,Client Services
607,Mildred,Female,47266,FALSE,Client Services
608,,Male,139754,,Sales
609,,Female,116236,,Engineering
610,Todd,Male,103405,FALSE,Sales
611,Alan,Male,41453,FALSE,Product
612,Elizabeth,,52730,FALSE,Marketing
613,Julie,,60361,TRUE,Distribution
614,Teresa,,63103,FALSE,Finance
615,Eric,Male,65168,FALSE,Distribution
616,Edward,Male,73105,TRUE,Engineering
617,Kimberly,Female,37916,TRUE,Distribution
618,Kathy,Female,45682,TRUE,Marketing
619,Peter,Male,69297,FALSE,Finance
620,Beverly,Female,59070,TRUE,Engineering
621,Ralph,Male,81215,FALSE,Finance
622,Justin,Male,128036,FALSE,Client Services
623,Irene,Female,89780,TRUE,Sales
624,Irene,Female,125018,TRUE,Legal
625,Jeremy,Male,133033,FALSE,Sales
626,Cynthia,Female,82408,TRUE,Marketing
627,,Female,131755,,
628,Anne,Female,128305,FALSE,Marketing
629,,,147309,,Distribution
630,Debra,Female,74911,FALSE,Marketing
631,Michael,Male,47079,FALSE,Legal
632,Jason,,82873,FALSE,Client Services
633,Rebecca,Female,134673,FALSE,Engineering
634,Andrea,Female,123591,TRUE,Engineering
635,Carl,Male,75598,FALSE,
636,Randy,Male,89831,TRUE,
637,Marilyn,Female,92430,FALSE,Engineering
638,Wayne,Male,126956,FALSE,Human Resources
639,Frances,Female,112467,FALSE,Business Development
640,Amanda,,46665,TRUE,Client Services
641,Kathleen,Female,42553,TRUE,Distribution
642,Amanda,Female,102081,FALSE,Sales
643,Amanda,,135118,FALSE,Finance
644,Shawn,Male,71975,FALSE,Human Resources
645,Katherine,Female,149908,FALSE,Finance
646,Anna,,45418,FALSE,Marketing
647,Elizabeth,Female,79145,FALSE,Finance
648,Donald,Male,122920,FALSE,
649,Gregory,Male,128031,TRUE,Business Development
650,Ruth,Female,59969,TRUE,Finance
651,Cynthia,Female,35381,FALSE,Finance
652,Deborah,Female,113129,FALSE,Client Services
653,Willie,Male,141932,TRUE,Engineering
654,Debra,Female,42296,FALSE,Product
655,Carl,Male,63395,FALSE,Legal
656,Walter,Male,125382,TRUE,Client Services
657,Lisa,Female,113592,TRUE,Marketing
658,Rebecca,Female,46750,TRUE,Sales
659,Jessica,Female,90285,TRUE,Client Services
660,Steve,,53692,TRUE,Marketing
661,Mary,,100341,FALSE,Distribution
662,Craig,Male,123876,FALSE,Engineering
663,Katherine,Female,41643,TRUE,Distribution
664,Andrea,Female,113760,TRUE,Distribution
665,Timothy,Male,49473,FALSE,Legal
666,Anthony,Male,146141,TRUE,Distribution
667,Harold,,79459,TRUE,Business Development
668,Douglas,,104496,TRUE,Marketing
669,James,Male,67789,TRUE,Legal
670,Joseph,,86564,TRUE,
671,Martha,Female,135758,TRUE,Client Services
672,Laura,Female,84672,FALSE,Distribution
673,Robert,Male,111580,FALSE,Human Resources
674,Ralph,Male,50455,FALSE,Business Development
675,,Male,88733,,Human Resources
676,Diane,Female,130577,FALSE,Marketing
677,Annie,Female,138925,TRUE,Marketing
678,Jacqueline,Female,62371,TRUE,Client Services
679,Brenda,Female,87715,FALSE,Product
680,Lori,Female,66029,TRUE,Client Services
681,Albert,Male,86818,TRUE,Engineering
682,Frank,Male,75147,FALSE,Product
683,Deborah,Female,105573,TRUE,Product
684,Robin,,41230,TRUE,Distribution
685,Alice,Female,117787,FALSE,
686,,Male,88086,,Finance
687,Paul,,91462,FALSE,Finance
688,,Male,139959,,Distribution
689,Brian,Male,93901,TRUE,Legal
690,Julie,,50529,FALSE,Finance
691,Bruce,Male,134988,TRUE,Sales
692,Joan,Female,120941,TRUE,Finance
693,Harold,Male,118753,FALSE,Sales
694,Alice,Female,92799,FALSE,Sales
695,Barbara,Female,85718,FALSE,Client Services
696,Sarah,Female,109517,FALSE,Human Resources
697,Samuel,Male,85550,TRUE,Marketing
698,,Male,136655,,Distribution
699,Barbara,,43312,TRUE,Legal
700,Amy,,102839,TRUE,Distribution
701,Frank,Male,78891,TRUE,Distribution
702,Robin,,93201,TRUE,Legal
703,Debra,Female,84693,TRUE,Finance
704,Brandon,,73587,TRUE,Human Resources
705,Thomas,Male,65251,FALSE,Distribution
706,Harry,Male,129148,TRUE,Engineering
707,Todd,Male,128175,TRUE,
708,Patricia,Female,75825,FALSE,Engineering
709,Steve,Male,51821,TRUE,Legal
710,,Male,60411,,Human Resources
711,Edward,Male,58327,TRUE,Finance
712,Karen,Female,46478,FALSE,Engineering
713,Martin,,123963,TRUE,Engineering
714,Ann,Female,79796,FALSE,Distribution
715,Jonathan,Male,83809,FALSE,Distribution
716,Peter,Male,77933,TRUE,Engineering
717,Eric,Male,51070,TRUE,Business Development
718,Jason,,97480,FALSE,Human Resources
719,Terry,Male,58357,FALSE,Engineering
720,John,Male,67165,FALSE,Engineering
721,Marie,Female,145988,TRUE,Human Resources
722,Harold,Male,147417,TRUE,Business Development
723,Joshua,Male,95003,TRUE,Marketing
724,Brandon,,144187,TRUE,Legal
725,Andrea,Female,37888,FALSE,Engineering
726,Jeremy,Male,131513,TRUE,Finance
727,Daniel,Male,77287,TRUE,
728,Roy,Male,46875,TRUE,Sales
729,Dorothy,Female,82744,TRUE,Client Services
730,Steven,Male,43252,FALSE,Client Services
731,Nicole,Female,66047,TRUE,Marketing
732,Ann,Female,118431,TRUE,Finance
733,Henry,Male,59943,FALSE,Finance
734,,Male,136681,,Business Development
735,,Female,138807,,Human Resources
736,Barbara,Female,82884,TRUE,Business Development
737,Judy,Female,48668,TRUE,Product
738,Lawrence,Male,122971,FALSE,Product
739,Joseph,Male,107050,FALSE,Business Development
740,Carlos,Male,138598,FALSE,Sales
741,Russell,,149456,FALSE,Marketing
742,Jane,Female,128540,FALSE,Legal
743,Martin,Male,61117,FALSE,Client Services
744,Steven,Male,100949,TRUE,Human Resources
745,Judy,,46829,TRUE,Finance
746,James,Male,69111,TRUE,Business Development
747,Gloria,Female,46602,TRUE,Business Development
748,Ernest,Male,61181,FALSE,Business Development
749,Martha,Female,94963,TRUE,Business Development
750,Janet,,85789,FALSE,Legal
751,Louis,,145274,FALSE,Product
752,Tina,Female,102841,FALSE,Client Services
753,Henry,Male,49665,FALSE,Business Development
754,Antonio,Male,41928,TRUE,
755,Lisa,Female,128042,TRUE,Legal
756,Denise,Female,86150,FALSE,Client Services
757,Stephen,Male,121816,TRUE,Distribution
758,Benjamin,Male,123409,FALSE,Product
759,Carl,,98295,TRUE,Legal
760,Ruth,Female,59678,FALSE,Distribution
761,Shawn,Male,57871,TRUE,Human Resources
762,Jennifer,Female,132084,TRUE,Engineering
763,Terry,Male,35633,TRUE,Distribution
764,Jacqueline,Female,125298,TRUE,Legal
765,Roger,Male,115582,TRUE,Sales
766,Alice,,148339,TRUE,Finance
767,Justin,Male,112975,FALSE,Human Resources
768,Janet,Female,36927,FALSE,Client Services
769,Robin,Female,70248,TRUE,Sales
770,Samuel,,141305,TRUE,Marketing
771,Katherine,Female,72002,TRUE,Product
772,Peter,Male,102577,TRUE,Product
773,Lillian,Female,113554,TRUE,Business Development
774,,Male,47176,,Finance
775,,Female,106428,,
776,Rose,Female,75181,TRUE,Finance
777,Bobby,Male,79047,FALSE,Human Resources
778,Kimberly,Female,52970,FALSE,Sales
779,Antonio,Male,137979,FALSE,Distribution
780,Doris,Female,114360,TRUE,Business Development
781,Steven,Male,110306,TRUE,Human Resources
782,Lawrence,Male,46378,FALSE,
783,,Male,74104,,Client Services
784,,,132505,,Product
785,Stephanie,Female,96649,FALSE,Sales
786,,Female,57811,,Marketing
787,Sandra,Female,111468,TRUE,Product
788,Kevin,Male,141498,TRUE,Sales
789,Michelle,,124441,FALSE,Business Development
790,Lisa,Female,40121,FALSE,Product
791,Fred,Male,129712,FALSE,Finance
792,Joseph,Male,126010,FALSE,Legal
793,Anne,,122762,FALSE,Distribution
794,Andrea,Female,149105,TRUE,Distribution
795,Nicole,Female,44021,FALSE,
796,Theresa,,42025,TRUE,Human Resources
797,Catherine,Female,59970,FALSE,Client Services
798,Rose,Female,145001,FALSE,Engineering
799,Lawrence,Male,102589,TRUE,Marketing
800,Raymond,Male,47529,TRUE,Product
801,Clarence,Male,148941,FALSE,Product
802,Ryan,Male,91109,TRUE,Human Resources
803,Jane,Female,51923,FALSE,Business Development
804,Lois,Female,53954,FALSE,Product
805,Shawn,Male,39335,FALSE,Distribution
806,Thomas,Male,111371,TRUE,Engineering
807,Kathryn,Female,86676,FALSE,Sales
808,Mary,Female,115057,FALSE,Finance
809,Julie,Female,145357,FALSE,Engineering
810,George,Male,36749,FALSE,Finance
811,Ralph,Male,89854,FALSE,Business Development
812,Judith,Female,134048,TRUE,Marketing
813,,Male,141311,,Product
814,Evelyn,Female,123621,TRUE,Marketing
815,Rachel,Female,54941,TRUE,Distribution
816,Maria,,106562,FALSE,Human Resources
817,Kelly,Female,39371,FALSE,Engineering
818,Ruby,Female,83112,FALSE,Marketing
819,Ann,Female,96941,TRUE,Distribution
820,Kenneth,Male,47232,TRUE,Legal
821,William,Male,54058,TRUE,Human Resources
822,,Female,80399,,Distribution
823,Deborah,Female,118043,TRUE,Business Development
824,,Male,109411,,Engineering
825,Julia,Female,97566,FALSE,Marketing
826,Robert,,69267,TRUE,Sales
827,,,87103,,
828,Jesse,,98811,FALSE,Legal
829,Cynthia,Female,149684,FALSE,Product
830,Johnny,Male,71383,TRUE,Human Resources
831,Michael,Male,81206,TRUE,Distribution
832,Kenneth,Male,69112,TRUE,Finance
833,Keith,Male,120672,FALSE,Legal
834,Gerald,Male,96511,FALSE,Human Resources
835,Carl,,49325,TRUE,Business Development
836,Douglas,Male,132175,FALSE,Engineering
837,Carolyn,Female,118037,FALSE,Finance
838,Joseph,Male,139570,TRUE,Finance
839,Billy,Male,115280,FALSE,Distribution
840,Joyce,Female,51065,FALSE,Human Resources
841,Lillian,Female,103854,TRUE,Distribution
842,Ruby,Female,48354,FALSE,Business Development
843,Sandra,Female,132327,FALSE,Product
844,Louise,Female,106362,FALSE,Sales
845,Maria,,148857,FALSE,Legal
846,Brenda,Female,131131,FALSE,Client Services
847,Stephen,Male,129663,FALSE,Human Resources
848,Nicole,,41449,FALSE,Finance
849,Bobby,Male,93368,TRUE,Product
850,Ernest,Male,53335,FALSE,Product
851,Charles,Male,148291,FALSE,
852,Bobby,Male,147842,TRUE,
853,Diana,Female,105066,TRUE,Business Development
854,Mildred,Female,139284,TRUE,
855,Harry,Male,63046,FALSE,Finance
856,Phillip,,89700,TRUE,
857,Bonnie,,108946,FALSE,Finance
858,Marie,Female,98406,TRUE,Product
859,Sean,Male,108581,FALSE,Human Resources
860,Robin,Female,41808,FALSE,Business Development
861,Phillip,Male,36837,FALSE,Marketing
862,Jerry,Male,140850,FALSE,Finance
863,Ronald,Male,50426,TRUE,Sales
864,Phillip,Male,134120,FALSE,Human Resources
865,Ryan,Male,57292,FALSE,
866,Karen,Female,80633,FALSE,Legal
867,Bonnie,Female,131943,FALSE,Client Services
868,Earl,Male,48046,FALSE,Marketing
869,Katherine,Female,97443,FALSE,Product
870,Matthew,Male,135352,TRUE,Business Development
871,Cynthia,,107816,FALSE,Marketing
872,Gerald,Male,96329,TRUE,Engineering
873,Brenda,Female,73749,FALSE,Business Development
874,Jason,Male,75607,TRUE,Sales
875,Melissa,Female,98858,TRUE,Human Resources
876,Beverly,Female,76485,TRUE,Engineering
877,Terry,,41238,FALSE,Marketing
878,,Male,114896,,Client Services
879,Jacqueline,Female,125418,FALSE,Distribution
880,Amy,Female,75415,FALSE,Client Services
881,Robert,,90998,FALSE,Finance
882,Ruby,Female,142868,FALSE,Marketing
883,Sara,,135990,TRUE,Distribution
884,Kathryn,Female,57300,FALSE,Marketing
885,Lisa,Female,73706,FALSE,Finance
886,Juan,Male,85871,FALSE,Product
887,Anthony,Male,96795,FALSE,Sales
888,David,Male,92242,FALSE,Legal
889,Marilyn,Female,115149,TRUE,Legal
890,Margaret,Female,126924,TRUE,Finance
891,,Male,145329,,Finance
892,Timothy,Male,92587,FALSE,Finance
893,Brandon,Male,60263,FALSE,Sales
894,Frank,Male,91406,TRUE,Business Development
895,Betty,Female,37005,TRUE,Marketing
896,Janice,,139791,FALSE,Business Development
897,Victor,Male,45267,TRUE,Sales
898,Kenneth,,95296,FALSE,Finance
899,Jane,Female,59680,TRUE,Business Development
900,Walter,Male,144701,TRUE,Marketing
901,Christina,Female,35477,FALSE,Human Resources
902,Patricia,Female,119266,FALSE,Distribution
903,,Male,103877,,Distribution
904,Heather,Female,47605,TRUE,Human Resources
905,Stephanie,Female,136604,TRUE,Human Resources
906,Alice,Female,121250,TRUE,Finance
907,Frances,Female,35884,FALSE,Sales
908,Elizabeth,Female,137144,FALSE,Finance
909,Janice,Female,102697,FALSE,Engineering
910,Donald,Male,61999,FALSE,Product
911,Melissa,Female,45223,TRUE,Legal
912,Carl,Male,54033,TRUE,Business Development
913,Joe,Male,126120,FALSE,
914,Lois,Female,99747,FALSE,Marketing
915,Ann,Female,71958,TRUE,Distribution
916,Todd,Male,115566,TRUE,Client Services
917,Marilyn,Female,118369,TRUE,Business Development
918,Shawn,Male,51667,FALSE,Product
919,Ryan,Male,85858,FALSE,Client Services
920,Sean,Male,131423,FALSE,Distribution
921,Rose,Female,49538,FALSE,Client Services
922,George,Male,50369,TRUE,Sales
923,Arthur,Male,86615,TRUE,Business Development
924,Irene,,135369,FALSE,Business Development
925,Deborah,Female,60003,FALSE,Client Services
926,,Female,95866,,Sales
927,Judith,Female,109324,FALSE,Distribution
928,Philip,Male,103557,TRUE,Business Development
929,Jeffrey,Male,111376,TRUE,Business Development
930,Theresa,Female,75661,TRUE,Legal
931,Nancy,Female,85213,TRUE,Marketing
932,Harold,Male,140444,FALSE,Distribution
933,Bonnie,Female,90427,TRUE,Client Services
934,Doris,Female,141439,FALSE,Business Development
935,Samuel,Male,43694,TRUE,Engineering
936,Alice,Female,131952,FALSE,Engineering
937,Maria,Female,96250,FALSE,Business Development
938,Aaron,,63126,FALSE,Client Services
939,Mark,,44836,FALSE,Client Services
940,Ralph,,70635,FALSE,Client Services
941,Andrew,Male,137386,TRUE,Distribution
942,William,Male,104840,TRUE,Engineering
943,Lori,Female,75498,TRUE,Marketing
944,Wayne,Male,67471,FALSE,Engineering
945,Kenneth,Male,101914,TRUE,Distribution
946,Gerald,,93712,TRUE,Distribution
947,,Female,133472,,Distribution
948,,Male,107351,,Marketing
949,Ashley,Female,142410,TRUE,Engineering
950,Scott,Male,37385,TRUE,Business Development
951,Paula,Female,58423,FALSE,Business Development
952,,Female,143638,,
953,Teresa,Female,113425,TRUE,Human Resources
954,Randy,Male,57266,FALSE,Product
955,Joe,Male,119667,TRUE,Finance
956,Sarah,Female,127118,FALSE,Legal
957,Beverly,Female,80838,FALSE,Engineering
958,Jeffrey,Male,70990,TRUE,Sales
959,Gloria,Female,39833,FALSE,Engineering
960,Albert,Male,45094,TRUE,Business Development
961,Stephen,Male,93997,TRUE,Business Development
962,Antonio,,103050,FALSE,Legal
963,Jonathan,Male,121797,FALSE,Product
964,Ann,Female,89443,TRUE,Sales
965,Bruce,Male,35802,TRUE,Sales
966,Catherine,Female,68164,FALSE,Client Services
967,Louis,Male,93022,TRUE,Human Resources
968,Thomas,Male,105681,FALSE,Engineering
969,Louise,Female,43050,FALSE,Distribution
970,Linda,Female,44486,TRUE,Engineering
971,Alice,Female,63571,TRUE,Product
972,Patrick,Male,75423,TRUE,Business Development
973,Victor,,76381,TRUE,Sales
974,Russell,Male,137359,FALSE,Business Development
975,Harry,Male,67656,TRUE,Client Services
976,Susan,Female,92436,FALSE,Sales
977,Denise,Female,137954,TRUE,Legal
978,Sarah,Female,124566,FALSE,Product
979,Sean,Male,66146,FALSE,Human Resources
980,Ernest,Male,142935,TRUE,Product
981,Kimberly,Female,46233,TRUE,Engineering
982,James,Male,148985,FALSE,Legal
983,Rose,Female,91411,TRUE,Human Resources
984,John,Male,146907,FALSE,Engineering
985,Maria,Female,43455,FALSE,Engineering
986,Stephen,,85668,FALSE,Legal
987,Donna,Female,82871,FALSE,Marketing
988,Gloria,Female,136709,TRUE,Finance
989,Alice,Female,47638,FALSE,Human Resources
990,Justin,,38344,FALSE,Legal
991,Robin,Female,100765,TRUE,Client Services
992,Rose,Female,134505,TRUE,Marketing
993,Anthony,Male,112769,TRUE,Finance
994,Tina,Female,56450,TRUE,Engineering
995,George,Male,98874,TRUE,Marketing
996,Henry,,132483,FALSE,Distribution
997,Phillip,Male,42392,FALSE,Finance
998,Russell,Male,96914,FALSE,Product
999,Larry,Male,60500,FALSE,Business Development
1000,Albert,Male,129949,TRUE,Sales
